Workbook

Sheet Branding
A1: SL# | B1: Brand name | C1: Contact | D1: Watsap | E1: Other Number | F1: E-mail | G1: Website | H1: Address | I1: Location | J1: Social Media | K1: Currency | L1: Language | M1: Delivery charge | N1: Logo Link | O1: Banner Image | P1: Game
A2: 1 | B2: Falcon Rest | C2: 1254653 | D2: 966535531913 | E2: 5242332 | F2: rf@gmail.com | G2: Falcon Rest.com | H2: Falcon,1253.Adas,India,54652 | I2: https://maps.app.goo.gl/AHQsZChqfBk3TTuV8 | J2: https://www.instagram.com,https://maps.app.goo.gl/AHQsZChqfBk3TTuV8 | K2: SR | L2: English&Arabic | M2: 15 | N2: https://raw.githubusercontent.com/Rmoosa2014/Restaurant-menu/main/logo.png | O2: https://raw.githubusercontent.com/Rmoosa2014/Restaurant-menu/main/images/banner/Banner01.jpg,https://raw.githubusercontent.com/Rmoosa2014/Restaurant-menu/main/images/banner/Banner02.jpg | P2: TRUE

Sheet SpecialOffer
A1: SL# | B1: Ofer Name | C1: Description | D1: Price Before | E1: Price After | F1: Image
A2: 1 | B2: 10% Discount | C2: get flat 10% discount on Sunday Only | D2: 115 | E2: 103
A3: 2 | B3: 20% Discount | C3: get flat 20% discount on Weekends Only | D3: 55 | E3: 20 | F3: https://raw.githubusercontent.com/Rmoosa2014/Restaurant-menu/main/images/Offer/Offer01.jpg
A4: 3 | B4: 50% Discount | C4: get flat 50% discount on Mondayy Only | D4: 10 | E4: 5
A5: 4 | B5: 30% Discount | C5: get flat 30% discount on Wed-Thu Only | D5: 200 | E5: 100 | F5: https://raw.githubusercontent.com/Rmoosa2014/Restaurant-menu/main/images/Offer/Offer02.jpg
A6: 5 | B6: 70% Discount | C6: get flat 70% discount on Friday Only | D6: 65 | E6: 30

Sheet Menu-English
A1: ItemID | B1: Main Category | C1: Sub Category | D1: Items Name | E1: Item Order Number Under Sub Category | F1: Price | G1: Description | H1: Calories | I1: Recipe | J1: Today Special | K1: Image | L1: Video | M1: Review social and Map | N1: Flash cards
A2: ITM001 | B2: Break Fast | C2: Breads | D2: =VLOOKUP(A2,Inventory!$B$2:$C$201,2,FALSE) -> Puttu | E2: 1 | F2: 15 | G2: Traditional steamed rice flour cylinder | H2: 225 | I2: Rice flour 500g, Coconut 100g, Water, Salt | M2: https://www.instagram.com,https://maps.app.goo.gl/AHQsZChqfBk3TTuV8 | N2: https://raw.githubusercontent.com/Rmoosa2014/Restaurant-menu/main/images/FlashCard/FlashCard04.jpg
A3: ITM002 | B3: Break Fast | C3: Breads | D3: =VLOOKUP(A3,Inventory!$B$2:$C$201,2,FALSE) -> Appam | E3: 2 | F3: 20 | G3: Soft, lace-edged fermented rice pancake | H3: 124 | I3: Rice 500g, Coconut milk 200ml, Yeast, Sugar | K3: https://raw.githubusercontent.com/Rmoosa2014/Restaurant-menu/main/images/ItemImages/ITM001.jpg,https://raw.githubusercontent.com/Rmoosa2014/Restaurant-menu/main/images/ItemImages/ITM001.jpg,https://raw.githubusercontent.com/Rmoosa2014/Restaurant-menu/main/images/ItemImages/ITM001.jpg
A4: ITM003 | B4: Break Fast | C4: Breads | D4: =VLOOKUP(A4,Inventory!$B$2:$C$201,2,FALSE) -> Kerala Porotta | E4: 3 | F4: 2 | G4: Flaky, multi-layered roasted flatbread | H4: 300 | I4: Flour 500g, Water 200ml, Oil 2ts, Salt 1gm | K4: https://raw.githubusercontent.com/Rmoosa2014/Restaurant-menu/main/images/ItemImages/ITM001.jpg
A5: ITM004 | B5: Break Fast | C5: Breads | D5: =VLOOKUP(A5,Inventory!$B$2:$C$201,2,FALSE) -> Idiyappam | E5: 4 | F5: 2 | G5: Traditional steamed rice string hoppers | H5: 150 | I5: Rice flour 200g, Water 100ml, Salt 1gm | K5: https://raw.githubusercontent.com/Rmoosa2014/Restaurant-menu/main/images/ItemImages/ITM001.jpg
A6: ITM005 | B6: Break Fast | C6: Tiffin | D6: =VLOOKUP(A6,Inventory!$B$2:$C$201,2,FALSE) -> Masala Dosa | E6: 1 | F6: 12 | G6: Crispy crepe stuffed with spiced potatoes | H6: 350 | I6: Rice batter 200ml, Potato 100g, Oil 1ts | J6: Today Special | K6: https://raw.githubusercontent.com/Rmoosa2014/Restaurant-menu/main/images/ItemImages/ITM001.jpg | N6: https://raw.githubusercontent.com/Rmoosa2014/Restaurant-menu/main/images/FlashCard/FlashCard03.jpg
A7: ITM006 | B7: Break Fast | C7: Tiffin | D7: =VLOOKUP(A7,Inventory!$B$2:$C$201,2,FALSE) -> Plain Dosa | E7: 2 | F7: 8 | G7: Thin and crispy savory rice crepe | H7: 200 | I7: Rice batter 200ml, Oil 1ts | K7: https://raw.githubusercontent.com/Rmoosa2014/Restaurant-menu/main/images/ItemImages/ITM001.jpg | N7: https://raw.githubusercontent.com/Rmoosa2014/Restaurant-menu/main/images/FlashCard/FlashCard.jpg
A8: ITM007 | B8: Break Fast | C8: Curry | D8: =VLOOKUP(A8,Inventory!$B$2:$C$201,2,FALSE) -> Kadala Curry | E8: 1 | F8: 8 | G8: Spicy black chickpea curry | H8: 250 | I8: Chickpeas 200g, Onion 2, Spices 10g | K8: https://raw.githubusercontent.com/Rmoosa2014/Restaurant-menu/main/images/ItemImages/ITM001.jpg
A9: ITM008 | B9: Break Fast | C9: Curry | D9: =VLOOKUP(A9,Inventory!$B$2:$C$201,2,FALSE) -> Egg Roast | E9: 2 | F9: 9 | G9: Boiled eggs in a rich tomato-onion gravy | H9: 220 | I9: Eggs 2, Onion 2, Tomato 1, Spices 10g | K9: https://raw.githubusercontent.com/Rmoosa2014/Restaurant-menu/main/images/ItemImages/ITM001.jpg | M9: https://www.instagram.com,https://maps.app.goo.gl/AHQsZChqfBk3TTuV8
A10: ITM009 | B10: Lunch | C10: Rice | D10: =VLOOKUP(A10,Inventory!$B$2:$C$201,2,FALSE) -> Kerala Rice | E10: 1 | F10: 8 | G10: Traditional boiled matta rice | H10: 521 | I10: Matta Rice 1KG, Water, Salt | K10: https://raw.githubusercontent.com/Rmoosa2014/Restaurant-menu/main/images/ItemImages/ITM001.jpg
A11: ITM010 | B11: Lunch | C11: Rice | D11: =VLOOKUP(A11,Inventory!$B$2:$C$201,2,FALSE) -> Baric Rice | E11: 2 | F11: 10 | G11: Premium white long-grain rice | H11: 154 | I11: White Rice 1KG, Water, Salt | K11: https://raw.githubusercontent.com/Rmoosa2014/Restaurant-menu/main/images/ItemImages/ITM001.jpg
A12: ITM011 | B12: Lunch | C12: Rice | D12: =VLOOKUP(A12,Inventory!$B$2:$C$201,2,FALSE) -> Ghee Rice (Neychoru) | E12: 3 | F12: 12 | G12: Fragrant Kaima rice cooked in pure ghee | H12: 450 | I12: Kaima Rice 500g, Ghee 50g, Spices 5g | K12: https://raw.githubusercontent.com/Rmoosa2014/Restaurant-menu/main/images/ItemImages/ITM001.jpg
A13: ITM012 | B13: Lunch | C13: Biriyani | D13: =VLOOKUP(A13,Inventory!$B$2:$C$201,2,FALSE) -> Biriyani Rice | E13: 1 | F13: 6 | G13: Flavorful spiced basmati rice | H13: 523 | I13: Basmati 1KG, Spices 20g, Ghee 50g | K13: https://raw.githubusercontent.com/Rmoosa2014/Restaurant-menu/main/images/ItemImages/ITM001.jpg
A14: ITM013 | B14: Lunch | C14: Biriyani | D14: =VLOOKUP(A14,Inventory!$B$2:$C$201,2,FALSE) -> Chicken Biriyani | E14: 2 | F14: 11 | G14: Authentic Malabar style chicken biriyani | H14: 620 | I14: Rice 500g, Chicken 300g, Spices 25g | K14: https://raw.githubusercontent.com/Rmoosa2014/Restaurant-menu/main/images/ItemImages/ITM001.jpg
A15: ITM014 | B15: Lunch | C15: Biriyani | D15: =VLOOKUP(A15,Inventory!$B$2:$C$201,2,FALSE) -> Beef Biriyani | E15: 3 | F15: 12 | G15: Spicy, aromatic beef biriyani | H15: 856 | I15: Rice 500g, Beef 300g, Spices 30g | K15: https://raw.githubusercontent.com/Rmoosa2014/Restaurant-menu/main/images/ItemImages/ITM001.jpg | N15: https://raw.githubusercontent.com/Rmoosa2014/Restaurant-menu/main/images/FlashCard/FlashCard02.jpg
A16: ITM015 | B16: Lunch | C16: Meal | D16: =VLOOKUP(A16,Inventory!$B$2:$C$201,2,FALSE) -> Fish Meals | E16: 1 | F16: 15 | G16: Standard rice meal with daily fish fry | H16: 650 | I16: Rice 300g, Veg Curries, Fish Fry 1 pc | J16: Today Special | K16: https://raw.githubusercontent.com/Rmoosa2014/Restaurant-menu/main/images/ItemImages/ITM001.jpg | M16: https://www.instagram.com,https://maps.app.goo.gl/AHQsZChqfBk3TTuV8
A17: ITM016 | B17: Lunch | C17: Meal | D17: =VLOOKUP(A17,Inventory!$B$2:$C$201,2,FALSE) -> Pothichoru | E17: 2 | F17: 18 | G17: Traditional meal wrapped in a banana leaf | H17: 600 | I17: Rice 300g, Veg Curries, Omelette, Pickle | K17: https://raw.githubusercontent.com/Rmoosa2014/Restaurant-menu/main/images/ItemImages/ITM001.jpg
A18: ITM017 | B18: Lunch | C18: Seafood | D18: =VLOOKUP(A18,Inventory!$B$2:$C$201,2,FALSE) -> Ayala Fish Curry | E18: 1 | F18: 15 | G18: Mackerel fish in spicy red tamarind curry | H18: 320 | I18: Mackerel 250g, Kokum 2, Chilli powder 10g | K18: https://raw.githubusercontent.com/Rmoosa2014/Restaurant-menu/main/images/ItemImages/ITM001.jpg
A19: ITM018 | B19: Lunch | C19: Seafood | D19: =VLOOKUP(A19,Inventory!$B$2:$C$201,2,FALSE) -> Fish Pollichathu | E19: 2 | F19: 25 | G19: Pearl spot fish roasted in banana leaves | H19: 400 | I19: Karimeen 1, Masala 50g, Coconut oil 2ts | K19: https://raw.githubusercontent.com/Rmoosa2014/Restaurant-menu/main/images/ItemImages/ITM001.jpg
A20: ITM019 | B20: Dinner | C20: Arabian | D20: =VLOOKUP(A20,Inventory!$B$2:$C$201,2,FALSE) -> Chicken Shawarma | E20: 1 | F20: 6 | G20: Slices of roasted chicken wrapped in kuboos | H20: 450 | I20: Chicken 150g, Kuboos 1, Garlic Paste 20g | J20: Today Special | K20: https://raw.githubusercontent.com/Rmoosa2014/Restaurant-menu/main/images/ItemImages/ITM001.jpg
A21: ITM020 | B21: Dinner | C21: Arabian | D21: =VLOOKUP(A21,Inventory!$B$2:$C$201,2,FALSE) -> Alfaham Chicken | E21: 2 | F21: 20 | G21: Charcoal-grilled Arabic marinated chicken | H21: 750 | I21: Chicken 500g, Arabic Spices 20g, Oil 2ts | K21: https://raw.githubusercontent.com/Rmoosa2014/Restaurant-menu/main/images/ItemImages/ITM001.jpg
A22: ITM021 | B22: Dinner | C22: Arabian | D22: =VLOOKUP(A22,Inventory!$B$2:$C$201,2,FALSE) -> Broasted Chicken | E22: 3 | F22: 17 | G22: Crispy fried chicken (4 Pcs) with fries | H22: 850 | I22: Chicken 400g, Flour 100g, Oil for frying | K22: https://raw.githubusercontent.com/Rmoosa2014/Restaurant-menu/main/images/ItemImages/ITM001.jpg
A23: ITM022 | B23: Dinner | C23: Arabian | D23: =VLOOKUP(A23,Inventory!$B$2:$C$201,2,FALSE) -> Mixed Grill | E23: 4 | F23: 35 | G23: Assortment of kebabs and grilled meats | H23: 900 | I23: Mutton 100g, Chicken 200g, Beef 100g | K23: https://raw.githubusercontent.com/Rmoosa2014/Restaurant-menu/main/images/ItemImages/ITM001.jpg
A24: ITM023 | B24: Dinner | C24: Meat | D24: =VLOOKUP(A24,Inventory!$B$2:$C$201,2,FALSE) -> Beef Roast (Nadan) | E24: 1 | F24: 16 | G24: Spicy Kerala-style dry beef roast | H24: 550 | I24: Beef 300g, Onion 2, Coconut slices 50g | K24: https://raw.githubusercontent.com/Rmoosa2014/Restaurant-menu/main/images/ItemImages/ITM001.jpg
A25: ITM024 | B25: Dinner | C25: Meat | D25: =VLOOKUP(A25,Inventory!$B$2:$C$201,2,FALSE) -> Beef Fry | E25: 2 | F25: 12 | G25: Crispy pan-fried beef with curry leaves | H25: 450 | I25: Beef 250g, Spices 15g, Coconut Oil | K25: https://raw.githubusercontent.com/Rmoosa2014/Restaurant-menu/main/images/ItemImages/ITM001.jpg
A26: ITM025 | B26: Dinner | C26: Meat | D26: =VLOOKUP(A26,Inventory!$B$2:$C$201,2,FALSE) -> Mutton Curry | E26: 3 | F26: 22 | G26: Tender mutton pieces in a rich gravy | H26: 600 | I26: Mutton 300g, Onion 2, Tomato 1, Spices 15g | K26: https://raw.githubusercontent.com/Rmoosa2014/Restaurant-menu/main/images/ItemImages/ITM001.jpg
A27: ITM026 | B27: Dinner | C27: Meat | D27: =VLOOKUP(A27,Inventory!$B$2:$C$201,2,FALSE) -> Chicken Fry | E27: 4 | F27: 10 | G27: Deep-fried spiced chicken pieces | H27: 521 | I27: Chicken 250g, Spices 20g, Oil for frying | K27: https://raw.githubusercontent.com/Rmoosa2014/Restaurant-menu/main/images/ItemImages/ITM001.jpg
A28: ITM027 | B28: Dinner | C28: Curry | D28: =VLOOKUP(A28,Inventory!$B$2:$C$201,2,FALSE) -> Butter Chicken | E28: 1 | F28: 20 | G28: Creamy tomato-based chicken curry | H28: 650 | I28: Chicken 300g, Butter 50g, Tomato puree | K28: https://raw.githubusercontent.com/Rmoosa2014/Restaurant-menu/main/images/ItemImages/ITM001.jpg
A29: ITM028 | B29: Dinner | C29: Breads | D29: =VLOOKUP(A29,Inventory!$B$2:$C$201,2,FALSE) -> Nadan Pathiri | E29: 1 | F29: 2 | G29: Soft, thin roasted rice flour flatbread | H29: 120 | I29: Rice flour 200g, Water 150ml, Salt 1gm | K29: https://raw.githubusercontent.com/Rmoosa2014/Restaurant-menu/main/images/ItemImages/ITM001.jpg
A30: ITM029 | B30: Drinks | C30: Tea | D30: =VLOOKUP(A30,Inventory!$B$2:$C$201,2,FALSE) -> Normal Tea (Black) | E30: 1 | F30: 2 | G30: Classic brewed black tea | H30: 5 | I30: Water 150ml, Tea Leaves 5g, Sugar 10g | K30: https://raw.githubusercontent.com/Rmoosa2014/Restaurant-menu/main/images/ItemImages/ITM001.jpg
A31: ITM030 | B31: Drinks | C31: Tea | D31: =VLOOKUP(A31,Inventory!$B$2:$C$201,2,FALSE) -> Milk Tea | E31: 2 | F31: 3 | G31: Rich brewed tea with fresh milk | H31: 65 | I31: Milk 100ml, Water 50ml, Tea Leaves, Sugar | K31: https://raw.githubusercontent.com/Rmoosa2014/Restaurant-menu/main/images/ItemImages/ITM001.jpg
A32: ITM031 | B32: Drinks | C32: Tea | D32: =VLOOKUP(A32,Inventory!$B$2:$C$201,2,FALSE) -> Sulaimani | E32: 3 | F32: 2 | G32: Spiced black tea with a drop of lemon | H32: 30 | I32: Water 150ml, Tea, Lemon, Cardamom | K32: https://raw.githubusercontent.com/Rmoosa2014/Restaurant-menu/main/images/ItemImages/ITM001.jpg
... A48: ITM047 | B48: Drinks | C48: Shakes | D48: =VLOOKUP(A48,Inventory!$B$2:$C$201,2,FALSE) -> Sharjah Shake | E48: 2 | F48: 12 | G48: Classic banana and milk shake with malt | H48: 350 | I48: Milk 200ml, Banana 1, Horlicks 2ts | K48: https://raw.githubusercontent.com/Rmoosa2014/Restaurant-menu/main/images/ItemImages/ITM001.jpg
A49: ITM048 | B49: Dessert | C49: Ice Creams | D49: =VLOOKUP(A49,Inventory!$B$2:$C$201,2,FALSE) -> Vanilla Ice Cream | E49: 1 | F49: 5 | G49: Classic creamy vanilla ice cream (2 Scoops) | H49: 220 | I49: Cream, Milk, Sugar, Vanilla Extract
A50: ITM049 | B50: Dessert | C50: Ice Creams | D50: =VLOOKUP(A50,Inventory!$B$2:$C$201,2,FALSE) -> Strawberry Ice Cream | E50: 2 | F50: 5 | G50: Sweet strawberry ice cream (2 Scoops) | H50: 210 | I50: Cream, Milk, Sugar, Strawberry puree
A51: ITM050 | B51: Dessert | C51: Sweets | D51: =VLOOKUP(A51,Inventory!$B$2:$C$201,2,FALSE) -> Fruit Salad w/ Ice Cream | E51: 1 | F51: 12 | G51: Mixed fresh seasonal fruits with vanilla | H51: 250 | I51: Fruits 150g, Ice cream 1 scoop, Nuts 10g
A52: ITM051 | B52: Dessert | C52: Sweets | D52: =VLOOKUP(A52,Inventory!$B$2:$C$201,2,FALSE) -> Royal Falooda | E52: 2 | F52: 15 | G52: Layered rose milk dessert with vermicelli | H52: 400 | I52: Milk 200ml, Vermicelli 20g, Basil seeds 10g

Sheet Menu-Arabic
A1: Price | B1: Description | C1: Calories | D1: Recipe | E1: Today Special | F1: Image | G1: Video | H1: Review Map | I1: Flash cards | J1: Today Special | K1: Image | L1: Video | M1: Review Map
A2: ITM001
A3: ITM002
A4: ITM003
A5: ITM004
A6: ITM005
A7: ITM006
A8: ITM007
A9: ITM008
A10: ITM009
A11: ITM010
A12: ITM011
A13: ITM012
... A21: ITM020

Sheet RelatedItems
A1: Sl# | B1: Items Name | C1: ItemID | D1: Related IDs
A2: 1 | B2: Puttu | C2: ITM001 | D2: ITM003 | E2: ITM004 | F2: ITM005 | G2: ITM014 | H2: ITM018
A3: 2 | B3: Appam | C3: ITM002 | D3: ITM003 | E3: ITM004 | F3: ITM005 | G3: ITM014 | H3: ITM018
A4: 3 | B4: Tea | C4: ITM003 | D4: ITM014 | E4: ITM005
A5: 4 | B5: Coffee | C5: ITM004 | D5: ITM014 | E5: ITM005 | F5: ITM005
A6: 5 | B6: Water | C6: ITM005 | D6: ITM004 | E6: ITM014 | F6: ITM005 | G6: ITM005
A7: 6 | B7: Biriyani rice | C7: ITM006 | D7: ITM005 | E7: ITM017 | F7: ITM018 | G7: ITM014 | H7: ITM015
A8: 7 | B8: Beef Biriyani | C8: ITM007 | D8: ITM005 | E8: ITM017 | F8: ITM018 | G8: ITM014 | H8: ITM015 | I8: ITM019 | J8: ITM020 | K8: ITM014 | L8: ITM005 | M8: ITM017
A9: 8 | B9: Chicken Biriyani | C9: ITM008 | D9: ITM005 | E9: ITM017 | F9: ITM018 | G9: ITM014 | H9: ITM015 | I9: ITM019
A10: 9 | B10: Baric Rice | C10: ITM009 | D10: ITM005 | E10: ITM017 | F10: ITM018 | G10: ITM014 | H10: ITM015 | I10: ITM019
A11: 10 | B11: Kerala Rice | C11: ITM010 | D11: ITM005 | E11: ITM017 | F11: ITM018 | G11: ITM014 | H11: ITM015
A12: 11 | B12: Biriyani rice | C12: ITM011 | D12: ITM005 | E12: ITM017 | F12: ITM018 | G12: ITM014 | H12: ITM015 | I12: ITM019 | J12: ITM020 | K12: ITM014 | L12: ITM005
A13: 12 | B13: Beef Biriyani | C13: ITM012 | D13: ITM005 | E13: ITM017 | F13: ITM018 | G13: ITM014 | H13: ITM015 | I13: ITM019 | J13: ITM020 | K13: ITM014 | L13: ITM005
A14: 13 | B14: Chicken Biriyani | C14: ITM013 | D14: ITM005 | E14: ITM017 | F14: ITM018 | G14: ITM014 | H14: ITM015 | I14: ITM019 | J14: ITM020 | K14: ITM014 | L14: ITM005
A15: 14 | B15: Beef Fry | C15: ITM014 | D15: ITM005 | E15: ITM001 | F15: ITM002 | G15: ITM017 | H15: ITM018 | I15: ITM019
A16: 15 | B16: Chicken Fry | C16: ITM015 | D16: ITM005 | E16: ITM001 | F16: ITM002 | G16: ITM017 | I16: ITM019
A17: 16 | B17: Mango | C17: ITM016 | D17: ITM005 | E17: ITM001 | F17: ITM002 | G17: ITM017 | H17: ITM018 | I17: ITM019
A18: 17 | B18: Orange | C18: ITM017 | D18: ITM005 | E18: ITM001 | F18: ITM002 | G18: ITM017 | H18: ITM018 | I18: ITM019
A19: 18 | B19: Mint | C19: ITM018 | D19: ITM005 | E19: ITM001 | F19: ITM002 | G19: ITM017 | H19: ITM018 | I19: ITM019
A20: 19 | B20: Vanilla | C20: ITM019 | D20: ITM005 | E20: ITM001 | F20: ITM002 | G20: ITM017 | H20: ITM018 | I20: ITM019
A21: 20 | B21: Strawberry | C21: ITM020 | D21: ITM005 | E21: ITM001 | F21: ITM002 | G21: ITM017 | H21: ITM018 | I21: ITM019

Sheet Inventory
A1: Sl# | B1: ItemID | C1: Items Name
A2: 1 | B2: ITM001 | C2: Puttu
A3: 2 | B3: ITM002 | C3: Appam
A4: 3 | B4: ITM003 | C4: Kerala Porotta
A5: 4 | B5: ITM004 | C5: Idiyappam
A6: 5 | B6: ITM005 | C6: Masala Dosa
A7: 6 | B7: ITM006 | C7: Plain Dosa
A8: 7 | B8: ITM007 | C8: Kadala Curry
A9: 8 | B9: ITM008 | C9: Egg Roast
A10: 9 | B10: ITM009 | C10: Kerala Rice
A11: 10 | B11: ITM010 | C11: Baric Rice
A12: 11 | B12: ITM011 | C12: Ghee Rice (Neychoru)
A13: 12 | B13: ITM012 | C13: Biriyani Rice
... A52: 51 | B52: ITM051 | C52: Royal Falooda
A53: 52 | B53: ITM052
A54: 53 | B54: ITM053
A55: 54 | B55: ITM054
A56: 55 | B56: ITM055
A57: 56 | B57: ITM056
A58: 57 | B58: ITM057
A59: 58 | B59: ITM058
A60: 59 | B60: ITM059
A61: 60 | B61: ITM060
A62: 61 | B62: ITM061
A63: 62 | B63: ITM062
A64: 63 | B64: ITM063
... A201: 200 | B201: ITM200

Sheet Content rule
A1: 1. The Perfect Image Size & Ratio | I1: Current File | J1: Sounds Like | K1: Suggested Original/Library Name
I2: SFX06.mp3 | J2: Short digital impact with a soft electronic pulse; good as a UI confirmation or logo hit. | K2: UI_Click_Impact, Digital_Pop_Hit, Electronic_Tap
A3: Consistency is the most important rule. Pick one aspect ratio and use it for every single food item. | I3: SFX07.mp3 | J3: Long futuristic energy sweep with rising motion and a cinematic sci-fi feel. Suitable for transitions or reveals. | K3: SciFi_Riser, Energy_Sweep, Whoosh_Rise_Long, Future_Transition
I4: SFX08.mp3 | J4: Fast electronic whoosh with a clean finish; ideal for motion graphics or object movement. | K4: Whoosh_Fast, Digital_Swish, Air_Sweep, Transition_Whoosh
A5: Aspect Ratio: 4:3 (Landscape) or 1:1 (Square) work best for your card layouts. | I5: SFX09.mp3 | J5: Mechanical/electronic movement with a subtle impact at the end. Feels like a device activating or interface animation. | K5: Tech_Move, Mechanical_Servo, UI_Transform, Digital_Movement
I6: SFX10.mp3 | J6: Bright sparkle/chime with a magical or premium notification feeling. | K6: Magic_Chime, Success_Ding, Sparkle, Notification_Positive
A7: Dimensions: 800 x 600 pixels (for 4:3) or 800 x 800 pixels (for 1:1). | I7: SFX12.mp3 | J7: Short cinematic hit with a low electronic punch. Great for emphasis or logo animations. | K7: Logo_Hit, Impact_Short, Trailer_Hit_Light, Cinematic_Punch
I8: SFX05.mp3 | J8: Female voice saying "Delicious!" with an energetic, positive tone. Great for food games or reward feedback. | K8: VO_Female_Delicious, Female_Delicious_01, Voice_Delicious, Announcer_Delicious
A9: Why: This resolution is large enough to look crisp when a desktop user clicks to expand the item modal, but small enough that it won't ruin your loading speeds. | I9: SFX04.mp3 | J9: Rapid score counting/tally sound with ascending UI ticks. Common after completing a level or counting points. | K9: Score_Tally, Points_Count, Score_Count_Up, Tally_Count, Arcade_Score
I10: SFX03.mp3 | J10: Cartoon-style explosion/impact with a punchy finish. More playful than realistic. | K10: Cartoon_Blast, Explosion_Light, Impact_Blast, Arcade_Explosion
A11: 2. File Size & Format (Crucial) | I11: SFX02.mp3 | J11: Short success sound indicating a match or completed action. Bright and satisfying. | K11: Match_Success, Puzzle_Match, Success_Plop, Correct_Match
I12: SFX01.mp3 | J12: Clean UI button click with a soft electronic confirmation. | K12: UI_Click, Button_Click, Interface_Click, Menu_Select
A13: Because GitHub Pages is hosting this for free, heavy images will make the app feel sluggish. | I13: SFX11.mp3 | J13: Female voice saying "Moonstruck!" in a cheerful, game-show style. Likely a reward or themed announcement. | K13: VO_Female_Moonstruck, Female_Moonstruck, Voice_Moonstruck, Announcer_Moonstruck
A15: Target File Size: Strictly under 150KB per image.
A17: Best Formats: Save your files as WebP or highly compressed JPG. Avoid PNGs unless you absolutely need a transparent background, as they are far too heavy.
A19: Pro Tip: Run your final batches through a compressor like TinyPNG or Squoosh.app before uploading them.
A21: 3. Video Management
A23: Since video files are massive, hosting raw .mp4 files directly on GitHub will quickly eat up your 100GB monthly bandwidth limit and cause buffering for mobile users on slow connections.
A25: The Best Method: Upload your food videos to YouTube, Vimeo, or Instagram Reels.
A27: How to use them: Simply paste the URL of that uploaded video into the "Video" column (Column L) of your Excel sheet. Your app is already coded to display a "Watch Video" button that smartly links out to it!
A31: 1. Main Promotional Banners (Top Header & Inline Menu Banner)
A33: These are the wide banners that stretch across the whole screen (like the one we just injected after the 5th category using Column O).
A35: Aspect Ratio: 16:9 (Widescreen) or 3:1 (Ultra-wide).
A37: Perfect Dimensions: 1200 x 600 pixels or 1200 x 400 pixels.
A39: The "Safe Zone" Rule: Because a mobile phone is tall and narrow, but a desktop monitor is wide, the browser will chop off the far left and far right edges of the banner on mobile. Always put your main focus, text, or logos dead-center in the image so they never get cropped out.
... A53: Max File Size: Keep these under 150KB.
A59: Image Type | B59: Excel Column / Location | C59: Aspect Ratio | D59: AI Prompt Tag | E59: Recommended Resolution | F59: Max File Size
A60: Brand Logo | B60: Branding Sheet: Column N | C60: 1:1 (Square) | D60: --ar 1:1 | E60: 512 x 512 px | F60: < 100 KB
A61: Menu Items (Main) | B61: Menu Sheets: Column K or ItemImages | C61: 4:3 (Standard Photo) | D61: --ar 4:3 | E61: 800 x 600 px | F61: < 150 KB
A62: Offer Carousel Backgrounds | B62: Offers Sheet: Column F | C62: 16:9 (Widescreen) | D62: --ar 16:9 | E62: 800 x 450 px | F62: < 150 KB
A63: Inline Category Banner | B63: Branding Sheet: Column O | C63: 21:9 (Ultra-Wide) | D63: --ar 21:9 | E63: 1200 x 400 px | F63: < 200 KB
A64: Screensaver Flashcards | B64: Menu Sheets: Column N or FlashCard | C64: 9:16 (Mobile Vertical) | D64: --ar 9:16 | E64: 1080 x 1920 px | F64: < 300 KB
A65: PWA App Icon | B65: logo.png (Root Folder) | C65: 1:1 (Square) | D65: --ar 1:1 | E65: 512 x 512 px | F65: < 100 KB
